advice;descr
Меньше тратьте, больше зарабатывайте.;Одно из главных правил ведения финансов – доходы должны превышать ваши расходы. Если вам повысили зарплату, не спешите увеличивать расходные части своего бюджета. Оставшиеся свободные деньги лучше направить на погашение долгов по кредитам, положить на банковский счет или инвестировать.
Не покупайте лишние вещи.;В современных условиях сложно удержаться от лишних покупок. Практически ежедневно в магазинах появляется новые модели телефонов, модная одежда, даже шоколад, которые удивят вас новым вкусом. Продайте, подарите или просто выбросите весь ненужный хлам.
Планируйте бюджет.;Лучшее средство контроля над расходованием своих финансов это планирование бюджета. Чтобы не остаться «на нуле» к концу месяца, нужно знать, сколько денежных средств в месяц вам потребуется. Для этого ведите учет расходов и доходов. Можно записывать в обычную тетрадь, а можно использовать специальные программы в компьютере или специальные приложения в телефоне. Не думайте, что вам теперь до конца жизни придется считать каждую копейку. Достаточно не более 3-4 месяцев, чтобы понять, сколько денег каждый месяц необходимо на расходы, а также выявить ненужные траты.
Создавайте дополнительные источники доходы.;Создание нескольких источников дохода имеет важное значение для вашей финансовой независимости. Повышайте свой профессиональный уровень и стремитесь узнать что-то новое и полезное для приобретения более глубоких знаний. Это может стать ключом к увеличению ваших доходов.
Повышайте уровень финансовой грамотности.;В России люди мало уделяют внимания финансовой грамотности, от уровня которой во многом зависит их благосостояние. Повышайте уровень своей финансовой культуры: занимайтесь своим образованием, читайте специальную литературу, посещайте семинары, пройдите обучающие курсы.
Создайте финансовую «подушку безопасности».;Запас финансовых средств на «трудное время» необходим для защиты в экстренных ситуациях, если вдруг не будет хватать денег. Определите для себя, какую сумму без ущерба для себя вы сможете отложить ежемесячно. Откладывать рекомендуется не менее 10% от всего дохода. Как только вы получите зарплату, премию или другой доход, часть денег положите в свой «резервный фонд». Если боитесь потратить, не держите средства дома, откройте банковский вклад.
Имейте стратегию инвестирования и придерживайтесь её.;Стратегия — это дорожная карта инвестора, без которой опасно начинать путь на фондовом рынке. Прежде чем вкладывать первые деньги, определитесь с инвестиционным профилем, возможностями и условиями, целями и горизонтом инвестирования, тактикой и стратегией работы.
Рассматривайте покупку акций как покупку доли в бизнесе.;Помните, чем акция является по своей сути — ценной бумагой, которая даёт её владельцу право на участие в управлении компанией и распределении части прибыли по результатам деятельности. Мыслите как собственник и не забывайте, какие бизнесы стоят за акциями в вашем портфеле.
Относитесь к процессу инвестирования ответственно.;На бирже работает большое количество профессионалов с огромным опытом, и их цель — заработать, в том числе на глупости, наивности, жадности и некомпетентности других участников.
Инвестируйте в себя / занимайтесь самообразованием.;Наука инвестирования охватывает широкий круг областей и интересов — от философии, психологии и истории до геологии, химии и математики. Хороший инвестор — это исследователь, который просто не может позволить себе иметь узкий кругозор. Поэтому, если уж вы встали на этот путь, будьте готовы регулярно инвестировать время и деньги в собственное образование.
Инвестируйте только собственные средства.;Это особенно важно, если вы ещё не научились объективно оценивать риски. Работайте без использования заёмных средств, и это может позволить избежать многих опасностей и тревог, а при грамотной диверсификации ещё и практически свести к нулю риск потери депозита на брокерском счёте.
Помните о диверсификации.;Не кладите все яйца в одну корзину — одна из самых популярных финансовых рекомендаций, и это потому, что она прекрасно работает. Контролируйте не только количество эмитентов в портфеле, но ещё и размер их долей, а также зависимость эмитентов от одного или нескольких факторов. Например, нельзя считать портфель хорошо диверсифицированным, если значительная доля входящих в него компаний принадлежит одному холдингу, относится к одной экономической отрасли или выпускает схожую продукцию на общем рынке.
Реально оценивайте возможную прибыль.;Основная задача, которую фондовый рынок может помочь решить инвестору, заключается в перемещении капитала во времени и его защите от губительной силы инфляции. Не ждите от работы на фондовом рынке быстрых сверхприбылей, особенно если вы ориентированы на долгосрочную стратегию и не обладаете даром предсказывать будущее.
Следите за расходами и торгуйте реже.;Работайте не только над увеличением доходов, но и контролируйте расходы, без этого работа на фондовом рынке похожа на попытку перенести воду в решете. Минимизируйте и оптимизируйте свои расходы, не совершайте сделки, если в этом нет экономического смысла, и следите, чтобы налоги и комиссии не съедали львиную долю прибыли.
Всегда проверяйте информацию.;В век интернета информацию стало получать проще, чем когда-либо в истории человечества. Но есть и обратная сторона — количество фейков и лживых вбросов превышает количество ценной и объективной информации. Если вы видите сведения, которые могут повлиять на вашу оценку актива, обратитесь к первоисточнику и убедитесь, что данные актуальны, правдивы и не вырваны из контекста.
Фильтруйте информационный поток.;Одна из самых распространённых ошибок начинающего инвестора — постоянно следить за информационным потоком, думая, что это улучшит результат. К сожалению, большинство новостей носят мусорный характер и только отвлекают или путают. Научитесь фильтровать поступающую информацию, чтобы не утонуть в её потоке и не тратить драгоценное время впустую.
Помните, что кризисы на фондовом рынке — обычное дело.;Хотя бы раз в десятилетие на фондовом рынке происходит крупный кризис и значительное обрушение котировок на 20–70%, а коррекция индексов на 5–15% — явление практически ежегодное. Будьте к этому готовы и не бойтесь. Рано или поздно, если бизнесы, которые стоят за ценными бумагами, продолжают работать и наращивать прибыли, котировки восстановятся.
